[
  {
    "OBJECTID":1,
    "BOLUM_ID":"İDARİ0",
    "FAKULTE_ID":"FEF01",
    "BOLUM_ADI":"REKTÖRLÜK BİRİMLERİ",
    "BOLUM_TURU":"İDARİ İŞLER VE DERSLİKLER",
    "KAT_ID":"FEFZ",
    "DERSLIK":5.0,
    "LABORATUVAR":null,
    "BOLUM_BASKANI":null,
    "SEMİNER_SALONU":null,
    "BULUNDUĞU_KAT":0,
    "FAKÜLTE_ADI":"FEN EDEBİYAT FAKÜLTESİ",
    "AMFİ":null
  },
  {
    "OBJECTID":2,
    "BOLUM_ID":"FEFDEK1",
    "FAKULTE_ID":"FEF01",
    "BOLUM_ADI":"FEF DEKANLIK",
    "BOLUM_TURU":"DEKANLIK VE İDARİ BİRİMLER",
    "KAT_ID":"FEF1",
    "DERSLIK":null,
    "LABORATUVAR":null,
    "BOLUM_BASKANI":"Prof. Dr. Beyhan KESİK",
    "SEMİNER_SALONU":null,
    "BULUNDUĞU_KAT":1,
    "FAKÜLTE_ADI":"FEN EDEBİYAT FAKÜLTESİ",
    "AMFİ":null
  },
  {
    "OBJECTID":3,
    "BOLUM_ID":"TAR01",
    "FAKULTE_ID":"FEF01",
    "BOLUM_ADI":"TARİH",
    "BOLUM_TURU":"AKADEMİK",
    "KAT_ID":"FEF2",
    "DERSLIK":4.0,
    "LABORATUVAR":null,
    "BOLUM_BASKANI":"Prof. Dr. Sezai BALCI",
    "SEMİNER_SALONU":null,
    "BULUNDUĞU_KAT":2,
    "FAKÜLTE_ADI":"FEN EDEBİYAT FAKÜLTESİ",
    "AMFİ":null
  },
  {
    "OBJECTID":4,
    "BOLUM_ID":"SNT-T01",
    "FAKULTE_ID":"FEF01",
    "BOLUM_ADI":"SANAT TARİHİ",
    "BOLUM_TURU":"AKADEMİK",
    "KAT_ID":"FEF2",
    "DERSLIK":4.0,
    "LABORATUVAR":null,
    "BOLUM_BASKANI":null,
    "SEMİNER_SALONU":null,
    "BULUNDUĞU_KAT":2,
    "FAKÜLTE_ADI":"FEN EDEBİYAT FAKÜLTESİ",
    "AMFİ":null
  },
  {
    "OBJECTID":5,
    "BOLUM_ID":"FEFÖGR01",
    "FAKULTE_ID":"FEF01",
    "BOLUM_ADI":"ÖĞRENCİ İŞLERİ",
    "BOLUM_TURU":"İDARİ",
    "KAT_ID":"FEF2",
    "DERSLIK":null,
    "LABORATUVAR":null,
    "BOLUM_BASKANI":"Tamer ÇELİK",
    "SEMİNER_SALONU":null,
    "BULUNDUĞU_KAT":2,
    "FAKÜLTE_ADI":"FEN EDEBİYAT FAKÜLTESİ",
    "AMFİ":null
  },
  {
    "OBJECTID":6,
    "BOLUM_ID":"TDE01",
    "FAKULTE_ID":"FEF01",
    "BOLUM_ADI":"TÜRK DİLİ VE EDEBİYATI",
    "BOLUM_TURU":"AKADEMİK",
    "KAT_ID":"FEF3",
    "DERSLIK":4.0,
    "LABORATUVAR":null,
    "BOLUM_BASKANI":"Prof. Dr. Beyhan KESİK",
    "SEMİNER_SALONU":1.0,
    "BULUNDUĞU_KAT":3,
    "FAKÜLTE_ADI":"FEN EDEBİYAT FAKÜLTESİ",
    "AMFİ":null
  },
  {
    "OBJECTID":7,
    "BOLUM_ID":"RDE01",
    "FAKULTE_ID":"FEF01",
    "BOLUM_ADI":"RUS DİLİ VE EDEBİYATI",
    "BOLUM_TURU":"AIKADEMİK",
    "KAT_ID":"FEF3",
    "DERSLIK":null,
    "LABORATUVAR":null,
    "BOLUM_BASKANI":"Dr. Öğr. Üyesi Zeynel ÖDEMİŞ",
    "SEMİNER_SALONU":null,
    "BULUNDUĞU_KAT":3,
    "FAKÜLTE_ADI":"FEN EDEBİYAT FAKÜLTESİ",
    "AMFİ":null
  },
  {
    "OBJECTID":8,
    "BOLUM_ID":"İST01",
    "FAKULTE_ID":"FEF01",
    "BOLUM_ADI":"VERİ BİLİMİ VE ANALİTİĞİ BÖLÜMÜ",
    "BOLUM_TURU":"AKADEMİK",
    "KAT_ID":"FEF4",
    "DERSLIK":null,
    "LABORATUVAR":null,
    "BOLUM_BASKANI":"Prof. Dr. Erol EĞRİOĞLU",
    "SEMİNER_SALONU":1.0,
    "BULUNDUĞU_KAT":4,
    "FAKÜLTE_ADI":"FEN EDEBİYAT FAKÜLTESİ",
    "AMFİ":null
  },
  {
    "OBJECTID":9,
    "BOLUM_ID":"SOSY01",
    "FAKULTE_ID":"FEF01",
    "BOLUM_ADI":"SOSYOLOJİ",
    "BOLUM_TURU":"AKADEMİK",
    "KAT_ID":"FEF4",
    "DERSLIK":4.0,
    "LABORATUVAR":null,
    "BOLUM_BASKANI":"Prof. Dr. İlknur MEŞE",
    "SEMİNER_SALONU":null,
    "BULUNDUĞU_KAT":4,
    "FAKÜLTE_ADI":"FEN EDEBİYAT FAKÜLTESİ",
    "AMFİ":null
  },
  {
    "OBJECTID":10,
    "BOLUM_ID":"İDE01",
    "FAKULTE_ID":"FEF01",
    "BOLUM_ADI":"İNGİLİZ DİLİ VE EDEBİYATI",
    "BOLUM_TURU":"AKADEMİK",
    "KAT_ID":"FEF4",
    "DERSLIK":4.0,
    "LABORATUVAR":null,
    "BOLUM_BASKANI":"Dr. Öğr. Üyesi Halis GÖZPINAR",
    "SEMİNER_SALONU":null,
    "BULUNDUĞU_KAT":4,
    "FAKÜLTE_ADI":"FEN EDEBİYAT FAKÜLTESİ",
    "AMFİ":null
  },
  {
    "OBJECTID":11,
    "BOLUM_ID":"MAT01",
    "FAKULTE_ID":"FEF01",
    "BOLUM_ADI":"MATEMATİK",
    "BOLUM_TURU":"AKADEMİK",
    "KAT_ID":"FEF5",
    "DERSLIK":4.0,
    "LABORATUVAR":null,
    "BOLUM_BASKANI":"Prof. Dr. Oğuz OĞUR",
    "SEMİNER_SALONU":1.0,
    "BULUNDUĞU_KAT":5,
    "FAKÜLTE_ADI":"FEN EDEBİYAT FAKÜLTESİ",
    "AMFİ":null
  },
  {
    "OBJECTID":12,
    "BOLUM_ID":"COĞ01",
    "FAKULTE_ID":"FEF01",
    "BOLUM_ADI":"COĞRAFYA",
    "BOLUM_TURU":"AKADEMİK",
    "KAT_ID":"FEF5",
    "DERSLIK":4.0,
    "LABORATUVAR":null,
    "BOLUM_BASKANI":"Prof. Dr. İbrahim SEZER",
    "SEMİNER_SALONU":1.0,
    "BULUNDUĞU_KAT":5,
    "FAKÜLTE_ADI":"FEN EDEBİYAT FAKÜLTESİ",
    "AMFİ":null
  },
  {
    "OBJECTID":13,
    "BOLUM_ID":"İDARİ1",
    "FAKULTE_ID":"İİBF01",
    "BOLUM_ADI":"REKTÖRLÜK BİRİMLERİ",
    "BOLUM_TURU":"İDARİ BİRİMLER",
    "KAT_ID":"İİBFZ",
    "DERSLIK":null,
    "LABORATUVAR":null,
    "BOLUM_BASKANI":null,
    "SEMİNER_SALONU":null,
    "BULUNDUĞU_KAT":0,
    "FAKÜLTE_ADI":"İKTİSADİ İDARİ BİLİMLER FAKÜLTESİ VE İLAHİYAT",
    "AMFİ":null
  },
  {
    "OBJECTID":14,
    "BOLUM_ID":"İİBFDEK1",
    "FAKULTE_ID":"İİBF01",
    "BOLUM_ADI":"İİBF DEKANLIK",
    "BOLUM_TURU":"DEKANLIK VE İDARİ BİRİMLER",
    "KAT_ID":"İİBF1",
    "DERSLIK":4.0,
    "LABORATUVAR":2.0,
    "BOLUM_BASKANI":"Prof. Dr. Servet CEYLAN",
    "SEMİNER_SALONU":null,
    "BULUNDUĞU_KAT":1,
    "FAKÜLTE_ADI":"İKTİSADİ İDARİ BİLİMLER FAKÜLTESİ VE İLAHİYAT",
    "AMFİ":1.0
  },
  {
    "OBJECTID":15,
    "BOLUM_ID":"SBKY01",
    "FAKULTE_ID":"İİBF01",
    "BOLUM_ADI":"SİYASET BİLİMİ VE KAMU YÖNETİMİ",
    "BOLUM_TURU":"AKADEMİK",
    "KAT_ID":"İİBF2",
    "DERSLIK":6.0,
    "LABORATUVAR":2.0,
    "BOLUM_BASKANI":"Prof. Dr. Ayşe ÖZCAN BUCKLEY",
    "SEMİNER_SALONU":null,
    "BULUNDUĞU_KAT":2,
    "FAKÜLTE_ADI":"İKTİSADİ İDARİ BİLİMLER FAKÜLTESİ VE İLAHİYAT",
    "AMFİ":2.0
  },
  {
    "OBJECTID":16,
    "BOLUM_ID":"ULİ01",
    "FAKULTE_ID":"İİBF01",
    "BOLUM_ADI":"ULUSLARARASI İLİŞKİLER",
    "BOLUM_TURU":"AKADEMİK",
    "KAT_ID":"İİBF2",
    "DERSLIK":6.0,
    "LABORATUVAR":2.0,
    "BOLUM_BASKANI":"Prof. Dr. Yalçın SARIKAYA",
    "SEMİNER_SALONU":null,
    "BULUNDUĞU_KAT":2,
    "FAKÜLTE_ADI":"İKTİSADİ İDARİ BİLİMLER FAKÜLTESİ VE İLAHİYAT",
    "AMFİ":2.0
  },
  {
    "OBJECTID":17,
    "BOLUM_ID":"İKT01",
    "FAKULTE_ID":"İİBF01",
    "BOLUM_ADI":"İKTİSAT",
    "BOLUM_TURU":"AKADEMİK",
    "KAT_ID":"İİBF3",
    "DERSLIK":6.0,
    "LABORATUVAR":2.0,
    "BOLUM_BASKANI":"Prof. Dr. Servet CEYLAN",
    "SEMİNER_SALONU":null,
    "BULUNDUĞU_KAT":3,
    "FAKÜLTE_ADI":"İKTİSADİ İDARİ BİLİMLER FAKÜLTESİ VE İLAHİYAT",
    "AMFİ":null
  },
  {
    "OBJECTID":18,
    "BOLUM_ID":"İŞL01",
    "FAKULTE_ID":"İİBF01",
    "BOLUM_ADI":"İŞLETME",
    "BOLUM_TURU":"AKADEMİK",
    "KAT_ID":"İİBF3",
    "DERSLIK":6.0,
    "LABORATUVAR":2.0,
    "BOLUM_BASKANI":"Prof. Dr. Kurtuluş Yılmaz GENÇ",
    "SEMİNER_SALONU":null,
    "BULUNDUĞU_KAT":3,
    "FAKÜLTE_ADI":"İKTİSADİ İDARİ BİLİMLER FAKÜLTESİ VE İLAHİYAT",
    "AMFİ":null
  },
  {
    "OBJECTID":19,
    "BOLUM_ID":"SBENST01",
    "FAKULTE_ID":"İİBF01",
    "BOLUM_ADI":"SOSYAL BİLİMLER ENSTİTÜSÜ",
    "BOLUM_TURU":"AKADEMİK",
    "KAT_ID":"İİBF4",
    "DERSLIK":null,
    "LABORATUVAR":null,
    "BOLUM_BASKANI":"Prof. Dr. Oğuz Serdar KESİCİOĞLU",
    "SEMİNER_SALONU":null,
    "BULUNDUĞU_KAT":4,
    "FAKÜLTE_ADI":"İKTİSADİ İDARİ BİLİMLER FAKÜLTESİ VE İLAHİYAT",
    "AMFİ":null
  },
  {
    "OBJECTID":20,
    "BOLUM_ID":"FBENST01",
    "FAKULTE_ID":"İİBF01",
    "BOLUM_ADI":"FEN BİLİMLERİ ENSTİTÜSÜ",
    "BOLUM_TURU":"AKADEMİK",
    "KAT_ID":"İİBF4",
    "DERSLIK":null,
    "LABORATUVAR":null,
    "BOLUM_BASKANI":"Prof. Dr. Bahadır KOZ",
    "SEMİNER_SALONU":null,
    "BULUNDUĞU_KAT":4,
    "FAKÜLTE_ADI":"İKTİSADİ İDARİ BİLİMLER FAKÜLTESİ VE İLAHİYAT",
    "AMFİ":null
  },
  {
    "OBJECTID":21,
    "BOLUM_ID":"SĞLENST01",
    "FAKULTE_ID":"İİBF01",
    "BOLUM_ADI":"SAĞLIK BİLİMLERİ ENSTİTÜSÜ",
    "BOLUM_TURU":"AKADEMİK",
    "KAT_ID":"İİBF4",
    "DERSLIK":null,
    "LABORATUVAR":null,
    "BOLUM_BASKANI":"Prof. Dr. Kürşad Han DÖNMEZ",
    "SEMİNER_SALONU":null,
    "BULUNDUĞU_KAT":4,
    "FAKÜLTE_ADI":"İKTİSADİ İDARİ BİLİMLER FAKÜLTESİ VE İLAHİYAT",
    "AMFİ":null
  },
  {
    "OBJECTID":22,
    "BOLUM_ID":"İİBFÖGR01",
    "FAKULTE_ID":"İİBF01",
    "BOLUM_ADI":"ÖĞRENCİ İŞLERİ",
    "BOLUM_TURU":"İDARİ",
    "KAT_ID":"İİBF2",
    "DERSLIK":null,
    "LABORATUVAR":null,
    "BOLUM_BASKANI":null,
    "SEMİNER_SALONU":null,
    "BULUNDUĞU_KAT":2,
    "FAKÜLTE_ADI":"İKTİSADİ İDARİ BİLİMLER FAKÜLTESİ VE İLAHİYAT",
    "AMFİ":null
  },
  {
    "OBJECTID":23,
    "BOLUM_ID":"İLHDEK01",
    "FAKULTE_ID":"İLHF01",
    "BOLUM_ADI":"İLAHİYAT FAKÜLTESİ DEKANLIK",
    "BOLUM_TURU":"DEKANLIK VE İDARİ BİRİMLER",
    "KAT_ID":"İİBF5",
    "DERSLIK":4.0,
    "LABORATUVAR":2.0,
    "BOLUM_BASKANI":"Prof. Dr. Muharrem AKOĞLU",
    "SEMİNER_SALONU":null,
    "BULUNDUĞU_KAT":5,
    "FAKÜLTE_ADI":"İKTİSADİ İDARİ BİLİMLER FAKÜLTESİ VE İLAHİYAT",
    "AMFİ":2.0
  },
  {
    "OBJECTID":27,
    "BOLUM_ID":"TİB01",
    "FAKULTE_ID":"İLHF01",
    "BOLUM_ADI":"TEMEL İSLAM BİLİMLERİ",
    "BOLUM_TURU":"AKADEMİK",
    "KAT_ID":"İİBF5",
    "DERSLIK":null,
    "LABORATUVAR":null,
    "BOLUM_BASKANI":"Prof. Dr. Recep ÖNAL",
    "SEMİNER_SALONU":null,
    "BULUNDUĞU_KAT":5,
    "FAKÜLTE_ADI":"İKTİSADİ İDARİ BİLİMLER FAKÜLTESİ VE İLAHİYAT",
    "AMFİ":null
  },
  {
    "OBJECTID":28,
    "BOLUM_ID":"FDB01",
    "FAKULTE_ID":"İLHF01",
    "BOLUM_ADI":"FELSEFE VE DİN BİLİMLERİ",
    "BOLUM_TURU":"AKADEMİK",
    "KAT_ID":"İİBF5",
    "DERSLIK":null,
    "LABORATUVAR":null,
    "BOLUM_BASKANI":"Prof. Dr. Abdulvahap TAŞTAN",
    "SEMİNER_SALONU":null,
    "BULUNDUĞU_KAT":5,
    "FAKÜLTE_ADI":"İKTİSADİ İDARİ BİLİMLER FAKÜLTESİ VE İLAHİYAT",
    "AMFİ":null
  },
  {
    "OBJECTID":29,
    "BOLUM_ID":"İTS01",
    "FAKULTE_ID":"İLHF01",
    "BOLUM_ADI":"İSLAM TARİHİ VE SANATLARI",
    "BOLUM_TURU":"AKADEMİK",
    "KAT_ID":"İİBF5",
    "DERSLIK":null,
    "LABORATUVAR":null,
    "BOLUM_BASKANI":"Prof. Dr. Eyüp NEFES",
    "SEMİNER_SALONU":null,
    "BULUNDUĞU_KAT":5,
    "FAKÜLTE_ADI":"İKTİSADİ İDARİ BİLİMLER FAKÜLTESİ VE İLAHİYAT",
    "AMFİ":null
  },
  {
    "OBJECTID":31,
    "BOLUM_ID":"RE01",
    "FAKULTE_ID":"SBF01",
    "BOLUM_ADI":"REKREASYON",
    "BOLUM_TURU":"AKADEMİK",
    "KAT_ID":"SBF2",
    "DERSLIK":4.0,
    "LABORATUVAR":null,
    "BOLUM_BASKANI":null,
    "SEMİNER_SALONU":null,
    "BULUNDUĞU_KAT":2,
    "FAKÜLTE_ADI":"SPOR BİLİMLERİ FAKÜLTESİ",
    "AMFİ":null
  },
  {
    "OBJECTID":32,
    "BOLUM_ID":"SY01",
    "FAKULTE_ID":"SBF01",
    "BOLUM_ADI":"SPOR YÖNETİCİLİĞİ",
    "BOLUM_TURU":"AKADEMİK",
    "KAT_ID":"SBF2",
    "DERSLIK":4.0,
    "LABORATUVAR":null,
    "BOLUM_BASKANI":null,
    "SEMİNER_SALONU":null,
    "BULUNDUĞU_KAT":2,
    "FAKÜLTE_ADI":"SPOR BİLİMLERİ FAKÜLTESİ",
    "AMFİ":null
  },
  {
    "OBJECTID":33,
    "BOLUM_ID":"ANT01",
    "FAKULTE_ID":"SBF01",
    "BOLUM_ADI":"ANTRENÖRLÜK EĞİTİMİ BÖLÜMÜ",
    "BOLUM_TURU":"AKADEMİK",
    "KAT_ID":"SBF1",
    "DERSLIK":4.0,
    "LABORATUVAR":1.0,
    "BOLUM_BASKANI":"Prof. Dr. Şevki KOLUKISA",
    "SEMİNER_SALONU":null,
    "BULUNDUĞU_KAT":1,
    "FAKÜLTE_ADI":"SPOR BİLİMLERİ FAKÜLTESİ",
    "AMFİ":null
  },
  {
    "OBJECTID":34,
    "BOLUM_ID":"BES01",
    "FAKULTE_ID":"SBF01",
    "BOLUM_ADI":"BEDEN EĞİTİMİ VE SPOR BÖLÜMÜ",
    "BOLUM_TURU":"AKADEMİK",
    "KAT_ID":"SBF1",
    "DERSLIK":4.0,
    "LABORATUVAR":1.0,
    "BOLUM_BASKANI":"Prof. Dr. Kürşad Han DÖNMEZ",
    "SEMİNER_SALONU":null,
    "BULUNDUĞU_KAT":1,
    "FAKÜLTE_ADI":"SPOR BİLİMLERİ FAKÜLTESİ",
    "AMFİ":null
  },
  {
    "OBJECTID":35,
    "BOLUM_ID":"SH01",
    "FAKULTE_ID":"SHY01",
    "BOLUM_ADI":"SİVİL HAVACILIK",
    "BOLUM_TURU":"AKADEMİK",
    "KAT_ID":"SBFZ",
    "DERSLIK":4.0,
    "LABORATUVAR":null,
    "BOLUM_BASKANI":"Prof. Dr. Hakan ADATEPE",
    "SEMİNER_SALONU":null,
    "BULUNDUĞU_KAT":0,
    "FAKÜLTE_ADI":"SİVİL HAVACILIK YÜKSEKOKULU",
    "AMFİ":null
  },
  {
    "OBJECTID":36,
    "BOLUM_ID":"DLİ01",
    "FAKULTE_ID":"DF01",
    "BOLUM_ADI":"DENİZ LİMAN İŞLETMECİLİĞİ",
    "BOLUM_TURU":"AKADEMİK",
    "KAT_ID":"SBFZ",
    "DERSLIK":4.0,
    "LABORATUVAR":null,
    "BOLUM_BASKANI":"Öğr. Gör. Hasan UĞURLU",
    "SEMİNER_SALONU":null,
    "BULUNDUĞU_KAT":0,
    "FAKÜLTE_ADI":"DENİZCİLİK FAKÜLTESİ",
    "AMFİ":null
  },
  {
    "OBJECTID":37,
    "BOLUM_ID":"SBFDEK01",
    "FAKULTE_ID":"SBF01",
    "BOLUM_ADI":"SBF DEKANLIK",
    "BOLUM_TURU":"İDARİ",
    "KAT_ID":"SBF2",
    "DERSLIK":null,
    "LABORATUVAR":null,
    "BOLUM_BASKANI":"Prof. Dr. Mehmet TÜRKMEN",
    "SEMİNER_SALONU":null,
    "BULUNDUĞU_KAT":2,
    "FAKÜLTE_ADI":"SPOR BİLİMLERİ FAKÜLTESİ",
    "AMFİ":null
  },
  {
    "OBJECTID":38,
    "BOLUM_ID":"SHDEK01",
    "FAKULTE_ID":"SHY01",
    "BOLUM_ADI":"SH YÜKSEKOKUL MÜDÜRLÜĞÜ",
    "BOLUM_TURU":"İDARİ",
    "KAT_ID":"DFZ",
    "DERSLIK":null,
    "LABORATUVAR":null,
    "BOLUM_BASKANI":"Prof. Dr. Hakan ADATEPE",
    "SEMİNER_SALONU":null,
    "BULUNDUĞU_KAT":0,
    "FAKÜLTE_ADI":"SİVİL HAVACILIK YÜKSEKOKULU",
    "AMFİ":null
  },
  {
    "OBJECTID":39,
    "BOLUM_ID":"DFDEK01",
    "FAKULTE_ID":"DF01",
    "BOLUM_ADI":"DF DEKANLIK",
    "BOLUM_TURU":"İDARİ",
    "KAT_ID":"DFZ",
    "DERSLIK":null,
    "LABORATUVAR":null,
    "BOLUM_BASKANI":"Prof. Dr. Alp Yalçın TEPE",
    "SEMİNER_SALONU":null,
    "BULUNDUĞU_KAT":0,
    "FAKÜLTE_ADI":"DENİZCİLİK FAKÜLTESİ",
    "AMFİ":null
  },
  {
    "OBJECTID":41,
    "BOLUM_ID":"DKDEK01",
    "FAKULTE_ID":"DEVKON01",
    "BOLUM_ADI":"KONSERVATUVAR MÜDÜRLÜK",
    "BOLUM_TURU":"İDARİ",
    "KAT_ID":"DEVKON1",
    "DERSLIK":3.0,
    "LABORATUVAR":null,
    "BOLUM_BASKANI":"Prof. Dr. Günay KAYA",
    "SEMİNER_SALONU":null,
    "BULUNDUĞU_KAT":1,
    "FAKÜLTE_ADI":"DEVLET KONSERVATUVARI",
    "AMFİ":null
  },
  {
    "OBJECTID":42,
    "BOLUM_ID":"THLKOY01",
    "FAKULTE_ID":"DEVKON01",
    "BOLUM_ADI":"TÜRK HALK OYUNLARI BÖLÜMÜ",
    "BOLUM_TURU":"AKADEMİK",
    "KAT_ID":"THLKOY1",
    "DERSLIK":3.0,
    "LABORATUVAR":null,
    "BOLUM_BASKANI":"Doç. Dr. Arda ERAVCI",
    "SEMİNER_SALONU":null,
    "BULUNDUĞU_KAT":0,
    "FAKÜLTE_ADI":"DEVLET KONSERVATUVARI",
    "AMFİ":null
  },
  {
    "OBJECTID":43,
    "BOLUM_ID":"MZK01",
    "FAKULTE_ID":"DEVKON01",
    "BOLUM_ADI":"MÜZİK BÖLÜMÜ",
    "BOLUM_TURU":"AKADEMİK",
    "KAT_ID":"MZK1",
    "DERSLIK":3.0,
    "LABORATUVAR":null,
    "BOLUM_BASKANI":"Prof. Burak HOŞSES_x000d_\nProf. Burak HOŞSES",
    "SEMİNER_SALONU":null,
    "BULUNDUĞU_KAT":1,
    "FAKÜLTE_ADI":"DEVLET KONSERVATUVARI",
    "AMFİ":null
  },
  {
    "OBJECTID":44,
    "BOLUM_ID":"GTM01",
    "FAKULTE_ID":"DEVKON01",
    "BOLUM_ADI":"GELENEKSEL TÜRK MÜZİĞİ BÖLÜMÜ_x000d_\n",
    "BOLUM_TURU":"AKADEMİK",
    "KAT_ID":"GTM1",
    "DERSLIK":null,
    "LABORATUVAR":null,
    "BOLUM_BASKANI":"Dr. Öğr. Üyesi Bilal DİZDAR",
    "SEMİNER_SALONU":null,
    "BULUNDUĞU_KAT":1,
    "FAKÜLTE_ADI":"DEVLET KONSERVATUVARI",
    "AMFİ":null
  },
  {
    "OBJECTID":45,
    "BOLUM_ID":"EGTFF01",
    "FAKULTE_ID":"EGTFF01",
    "BOLUM_ADI":"EĞİTİM FAKÜLTESİ F BLOK ZEMİNKAT",
    "BOLUM_TURU":"AKADEMİK",
    "KAT_ID":"EGTFFZ",
    "DERSLIK":null,
    "LABORATUVAR":null,
    "BOLUM_BASKANI":null,
    "SEMİNER_SALONU":2.0,
    "BULUNDUĞU_KAT":0,
    "FAKÜLTE_ADI":"EĞİTİM FAKÜLTESİ F BLOK",
    "AMFİ":null
  },
  {
    "OBJECTID":46,
    "BOLUM_ID":"OEB01",
    "FAKULTE_ID":"EGTFG01",
    "BOLUM_ADI":"ÖZEL EĞİTİM BÖLÜMÜ",
    "BOLUM_TURU":"AKADEMİK",
    "KAT_ID":"EGTFGZ",
    "DERSLIK":0.0,
    "LABORATUVAR":0.0,
    "BOLUM_BASKANI":"Dr. Öğr. Üyesi Yasemin ERTUĞRUL",
    "SEMİNER_SALONU":0.0,
    "BULUNDUĞU_KAT":0,
    "FAKÜLTE_ADI":"EĞİTİM FAKÜLTESİ G BLOK",
    "AMFİ":0.0
  },
  {
    "OBJECTID":47,
    "BOLUM_ID":"MZKEGT01",
    "FAKULTE_ID":"EGTFG01",
    "BOLUM_ADI":"MÜZİK EĞİTİMİ",
    "BOLUM_TURU":"AKADEMİK",
    "KAT_ID":"EGTFH1",
    "DERSLIK":4.0,
    "LABORATUVAR":null,
    "BOLUM_BASKANI":"Dr. Öğr. Üyesi Beste ATALAY ÖCAL",
    "SEMİNER_SALONU":null,
    "BULUNDUĞU_KAT":1,
    "FAKÜLTE_ADI":"EĞİTİM FAKÜLTESİ G BLOK",
    "AMFİ":null
  },
  {
    "OBJECTID":65,
    "BOLUM_ID":"ÇEVMÜH01",
    "FAKULTE_ID":"FMÜHF01",
    "BOLUM_ADI":"ÇEVRE MÜHENDİSLİĞİ",
    "BOLUM_TURU":"AKADEMİK",
    "KAT_ID":"FMÜHF3",
    "DERSLIK":4.0,
    "LABORATUVAR":3.0,
    "BOLUM_BASKANI":"Prof. Dr. Cengiz MUTLU",
    "SEMİNER_SALONU":null,
    "BULUNDUĞU_KAT":3,
    "FAKÜLTE_ADI":"FEN VE MÜHENDİSLİK FAKÜLTESİ",
    "AMFİ":null
  },
  {
    "OBJECTID":66,
    "BOLUM_ID":"ÇEVMÜH01",
    "FAKULTE_ID":"FMÜHF01",
    "BOLUM_ADI":"ÇEVRE MÜHENDİSLİĞİ",
    "BOLUM_TURU":"AKADEMİK",
    "KAT_ID":"FMÜHF4",
    "DERSLIK":null,
    "LABORATUVAR":null,
    "BOLUM_BASKANI":"Prof. Dr. Cengiz MUTLU",
    "SEMİNER_SALONU":null,
    "BULUNDUĞU_KAT":4,
    "FAKÜLTE_ADI":"FEN VE MÜHENDİSLİK FAKÜLTESİ",
    "AMFİ":null
  },
  {
    "OBJECTID":67,
    "BOLUM_ID":"İNSMÜH01",
    "FAKULTE_ID":"FMÜHF01",
    "BOLUM_ADI":"İNŞAAT MÜHENDİSLİĞİ",
    "BOLUM_TURU":"AKADEMİK",
    "KAT_ID":"FMÜHF3",
    "DERSLIK":4.0,
    "LABORATUVAR":null,
    "BOLUM_BASKANI":"Prof. Dr. İbrahim GÜNEŞ",
    "SEMİNER_SALONU":null,
    "BULUNDUĞU_KAT":3,
    "FAKÜLTE_ADI":"FEN VE MÜHENDİSLİK FAKÜLTESİ",
    "AMFİ":null
  },
  {
    "OBJECTID":68,
    "BOLUM_ID":"İNSMÜH01",
    "FAKULTE_ID":"FMÜHF01",
    "BOLUM_ADI":"İNŞAAT MÜHENDİSLİĞİ",
    "BOLUM_TURU":"AKADEMİK",
    "KAT_ID":"FMÜHF4",
    "DERSLIK":null,
    "LABORATUVAR":null,
    "BOLUM_BASKANI":"Prof. Dr. İbrahim GÜNEŞ",
    "SEMİNER_SALONU":null,
    "BULUNDUĞU_KAT":4,
    "FAKÜLTE_ADI":"FEN VE MÜHENDİSLİK FAKÜLTESİ",
    "AMFİ":null
  },
  {
    "OBJECTID":69,
    "BOLUM_ID":"ELMÜH01",
    "FAKULTE_ID":"FMÜHF01",
    "BOLUM_ADI":"ELEKTRİK-ELEKTRONİK MÜHENDİSLİĞİ",
    "BOLUM_TURU":"AKADEMİK",
    "KAT_ID":"FMÜHF3",
    "DERSLIK":null,
    "LABORATUVAR":null,
    "BOLUM_BASKANI":"Doç. Dr. Hilmi ZENK",
    "SEMİNER_SALONU":null,
    "BULUNDUĞU_KAT":3,
    "FAKÜLTE_ADI":"FEN VE MÜHENDİSLİK FAKÜLTESİ",
    "AMFİ":null
  },
  {
    "OBJECTID":70,
    "BOLUM_ID":"ELMÜH01",
    "FAKULTE_ID":"FMÜHF01",
    "BOLUM_ADI":"ELEKTRİK-ELEKTRONİK MÜHENDİSLİĞİ",
    "BOLUM_TURU":"AKADEMİK",
    "KAT_ID":"FMÜHF4",
    "DERSLIK":null,
    "LABORATUVAR":null,
    "BOLUM_BASKANI":"Doç. Dr. Hilmi ZENK",
    "SEMİNER_SALONU":null,
    "BULUNDUĞU_KAT":4,
    "FAKÜLTE_ADI":"FEN VE MÜHENDİSLİK FAKÜLTESİ",
    "AMFİ":null
  },
  {
    "OBJECTID":71,
    "BOLUM_ID":"HRTMÜH01",
    "FAKULTE_ID":"FMÜHF01",
    "BOLUM_ADI":"HARİTA MÜHENDİSLİĞİ",
    "BOLUM_TURU":"AKADEMİK",
    "KAT_ID":"FMÜHF4",
    "DERSLIK":null,
    "LABORATUVAR":2.0,
    "BOLUM_BASKANI":"Doç. Dr. Mehmet Ali DERELİ",
    "SEMİNER_SALONU":null,
    "BULUNDUĞU_KAT":4,
    "FAKÜLTE_ADI":"FEN VE MÜHENDİSLİK FAKÜLTESİ",
    "AMFİ":null
  },
  {
    "OBJECTID":72,
    "BOLUM_ID":"BİLGMÜH01",
    "FAKULTE_ID":"FMÜHF01",
    "BOLUM_ADI":"BİLGİSAYAR MÜHENDİSLİĞİ",
    "BOLUM_TURU":"AKADEMİK",
    "KAT_ID":"FMÜHF4",
    "DERSLIK":3.0,
    "LABORATUVAR":2.0,
    "BOLUM_BASKANI":"Dr.Öğr. Üyesi Erkan GÜLER",
    "SEMİNER_SALONU":null,
    "BULUNDUĞU_KAT":4,
    "FAKÜLTE_ADI":"FEN VE MÜHENDİSLİK FAKÜLTESİ",
    "AMFİ":null
  },
  {
    "OBJECTID":73,
    "BOLUM_ID":"ENDMÜH01",
    "FAKULTE_ID":"FMÜHF01",
    "BOLUM_ADI":"ENDÜSTRİ MÜHENDİSLİĞİ",
    "BOLUM_TURU":"AKADEMİK",
    "KAT_ID":"FMÜHF4",
    "DERSLIK":null,
    "LABORATUVAR":null,
    "BOLUM_BASKANI":"Prof. Dr. Serkan DEMİR",
    "SEMİNER_SALONU":null,
    "BULUNDUĞU_KAT":4,
    "FAKÜLTE_ADI":"FEN VE MÜHENDİSLİK FAKÜLTESİ",
    "AMFİ":null
  },
  {
    "OBJECTID":74,
    "BOLUM_ID":"ENSİSMÜH01",
    "FAKULTE_ID":"FMÜHF01",
    "BOLUM_ADI":"ENERJİ SİŞTEMLERİ MÜHENDİSLİĞİ",
    "BOLUM_TURU":"AKADEMİK",
    "KAT_ID":"FMÜHF4",
    "DERSLIK":null,
    "LABORATUVAR":1.0,
    "BOLUM_BASKANI":"Prof. Dr. Nihat TUĞLUOĞLU",
    "SEMİNER_SALONU":null,
    "BULUNDUĞU_KAT":4,
    "FAKÜLTE_ADI":"FEN VE MÜHENDİSLİK FAKÜLTESİ",
    "AMFİ":null
  },
  {
    "OBJECTID":75,
    "BOLUM_ID":"GENBİYOMÜH01",
    "FAKULTE_ID":"FMÜHF01",
    "BOLUM_ADI":"GENETİK VE BİYOMÜHENDİSLİK BÖLÜMÜ",
    "BOLUM_TURU":"AKADEMİK",
    "KAT_ID":"FMÜHF4",
    "DERSLIK":null,
    "LABORATUVAR":1.0,
    "BOLUM_BASKANI":"Doç. Dr. Kadriye ÖZCAN",
    "SEMİNER_SALONU":null,
    "BULUNDUĞU_KAT":4,
    "FAKÜLTE_ADI":"FEN VE MÜHENDİSLİK FAKÜLTESİ",
    "AMFİ":null
  },
  {
    "OBJECTID":76,
    "BOLUM_ID":"MAKMÜH01",
    "FAKULTE_ID":"FMÜHF01",
    "BOLUM_ADI":"MAKİNE MÜHENDİSLİĞİ",
    "BOLUM_TURU":"AKADEMİK",
    "KAT_ID":"FMÜHF3",
    "DERSLIK":null,
    "LABORATUVAR":null,
    "BOLUM_BASKANI":"Doç. Dr. Faruk GÜNER",
    "SEMİNER_SALONU":null,
    "BULUNDUĞU_KAT":3,
    "FAKÜLTE_ADI":"FEN VE MÜHENDİSLİK FAKÜLTESİ",
    "AMFİ":null
  },
  {
    "OBJECTID":77,
    "BOLUM_ID":"MAKMÜH01",
    "FAKULTE_ID":"FMÜHF01",
    "BOLUM_ADI":"MAKİNE MÜHENDİSLİĞİ",
    "BOLUM_TURU":"AKADEMİK",
    "KAT_ID":"FMÜHF4",
    "DERSLIK":null,
    "LABORATUVAR":null,
    "BOLUM_BASKANI":"Doç. Dr. Faruk GÜNER",
    "SEMİNER_SALONU":null,
    "BULUNDUĞU_KAT":4,
    "FAKÜLTE_ADI":"FEN VE MÜHENDİSLİK FAKÜLTESİ",
    "AMFİ":null
  },
  {
    "OBJECTID":78,
    "BOLUM_ID":"MÜHDEK01",
    "FAKULTE_ID":"FMÜHF01",
    "BOLUM_ADI":"MÜHENDİSLİK FAKÜLTESİ DEKANLIK",
    "BOLUM_TURU":"İDARİ",
    "KAT_ID":"FMÜHFZ",
    "DERSLIK":null,
    "LABORATUVAR":null,
    "BOLUM_BASKANI":"Prof. Dr.  Atila Gürhan ÇELİK",
    "SEMİNER_SALONU":null,
    "BULUNDUĞU_KAT":0,
    "FAKÜLTE_ADI":"FEN VE MÜHENDİSLİK FAKÜLTESİ",
    "AMFİ":null
  },
  {
    "OBJECTID":48,
    "BOLUM_ID":"RİSEGT01",
    "FAKULTE_ID":"EGTFH01",
    "BOLUM_ADI":"RESİM-İŞ EĞİTİMİ",
    "BOLUM_TURU":"AKADEMİK",
    "KAT_ID":"EGTFH1",
    "DERSLIK":4.0,
    "LABORATUVAR":null,
    "BOLUM_BASKANI":"Doç.Dr. Handan BÜLBÜL",
    "SEMİNER_SALONU":null,
    "BULUNDUĞU_KAT":1,
    "FAKÜLTE_ADI":"EĞİTİM FAKÜLTESİ G BLOK",
    "AMFİ":null
  },
  {
    "OBJECTID":49,
    "BOLUM_ID":"OKÖEGT01",
    "FAKULTE_ID":"EGTFH01",
    "BOLUM_ADI":"OKUL ÖNCESİ EĞİTİMİ",
    "BOLUM_TURU":"AKADEMİK",
    "KAT_ID":"EGTFH2",
    "DERSLIK":4.0,
    "LABORATUVAR":null,
    "BOLUM_BASKANI":null,
    "SEMİNER_SALONU":null,
    "BULUNDUĞU_KAT":2,
    "FAKÜLTE_ADI":"EĞİTİM FAKÜLTESİ H BLOK",
    "AMFİ":null
  },
  {
    "OBJECTID":50,
    "BOLUM_ID":"SNFEGT01",
    "FAKULTE_ID":"EGTFH01",
    "BOLUM_ADI":"SINIF EĞİTİMİ",
    "BOLUM_TURU":"AKADEMİK",
    "KAT_ID":"EGTFH3",
    "DERSLIK":4.0,
    "LABORATUVAR":null,
    "BOLUM_BASKANI":"Prof.Dr. Eser ÜLTAY",
    "SEMİNER_SALONU":null,
    "BULUNDUĞU_KAT":3,
    "FAKÜLTE_ADI":"EĞİTİM FAKÜLTESİ H BLOK",
    "AMFİ":null
  },
  {
    "OBJECTID":51,
    "BOLUM_ID":"SBE01",
    "FAKULTE_ID":"EGTFA01",
    "BOLUM_ADI":"SOSYAL BİLGİLER EĞİTİMİ",
    "BOLUM_TURU":"AKADEMİK",
    "KAT_ID":"EGTFA3",
    "DERSLIK":4.0,
    "LABORATUVAR":null,
    "BOLUM_BASKANI":"Prof. Dr. Ünsal BEKDEMİR",
    "SEMİNER_SALONU":null,
    "BULUNDUĞU_KAT":3,
    "FAKÜLTE_ADI":"EĞİTİM FAKÜLTESİ A BLOK",
    "AMFİ":null
  },
  {
    "OBJECTID":52,
    "BOLUM_ID":"RPD01",
    "FAKULTE_ID":"EGTFA01",
    "BOLUM_ADI":"REHBERLİK VE PSİKOLOJİK DANIŞMANLIK",
    "BOLUM_TURU":"AKADEMİK",
    "KAT_ID":"EGTFA2",
    "DERSLIK":4.0,
    "LABORATUVAR":null,
    "BOLUM_BASKANI":"Prof.Dr. Mustafa ŞANAL",
    "SEMİNER_SALONU":null,
    "BULUNDUĞU_KAT":2,
    "FAKÜLTE_ADI":"EĞİTİM FAKÜLTESİ A BLOK",
    "AMFİ":null
  },
  {
    "OBJECTID":53,
    "BOLUM_ID":"ILKMATÖ01",
    "FAKULTE_ID":"EGTFA01",
    "BOLUM_ADI":"İLKÖĞRETİM MATEMATİK ÖĞRETMENLİĞİ",
    "BOLUM_TURU":"AKADEMİK",
    "KAT_ID":"EGTFA1",
    "DERSLIK":4.0,
    "LABORATUVAR":null,
    "BOLUM_BASKANI":"Prof. Dr. Hasan Hüseyin AKSU",
    "SEMİNER_SALONU":null,
    "BULUNDUĞU_KAT":1,
    "FAKÜLTE_ADI":"EĞİTİM FAKÜLTESİ A BLOK",
    "AMFİ":null
  },
  {
    "OBJECTID":54,
    "BOLUM_ID":"FBÖ01",
    "FAKULTE_ID":"EGTFA01",
    "BOLUM_ADI":"FEN BİLGİSİ EĞİTİMİ",
    "BOLUM_TURU":"AKADEMİK",
    "KAT_ID":"EGTFA3",
    "DERSLIK":4.0,
    "LABORATUVAR":null,
    "BOLUM_BASKANI":"Prof. Dr. Mustafa UZOĞLU",
    "SEMİNER_SALONU":null,
    "BULUNDUĞU_KAT":1,
    "FAKÜLTE_ADI":"EĞİTİM FAKÜLTESİ A BLOK",
    "AMFİ":null
  },
  {
    "OBJECTID":55,
    "BOLUM_ID":"TÖ01",
    "FAKULTE_ID":"EGTFA01",
    "BOLUM_ADI":"TÜRKÇE ÖĞRETMENLİĞİ",
    "BOLUM_TURU":"AKADEMİK",
    "KAT_ID":"EGTFA1",
    "DERSLIK":4.0,
    "LABORATUVAR":null,
    "BOLUM_BASKANI":"Prof.Dr. Müzeyyen ALTUNBAY",
    "SEMİNER_SALONU":null,
    "BULUNDUĞU_KAT":1,
    "FAKÜLTE_ADI":"EĞİTİM FAKÜLTESİ A BLOK",
    "AMFİ":null
  },
  {
    "OBJECTID":56,
    "BOLUM_ID":"İÖ01",
    "FAKULTE_ID":"EGTFA01",
    "BOLUM_ADI":"İNGİLİZCE ÖĞRETMENLİĞİ",
    "BOLUM_TURU":"AKADEMİK",
    "KAT_ID":"EGTFA1",
    "DERSLIK":4.0,
    "LABORATUVAR":null,
    "BOLUM_BASKANI":"Dr. Öğr.Üyesi Melissa Özlem GRAB",
    "SEMİNER_SALONU":null,
    "BULUNDUĞU_KAT":1,
    "FAKÜLTE_ADI":"EĞİTİM FAKÜLTESİ A BLOK",
    "AMFİ":null
  },
  {
    "OBJECTID":57,
    "BOLUM_ID":"EGFDEK01",
    "FAKULTE_ID":"EGTFC01",
    "BOLUM_ADI":"EGF DEKANLIK",
    "BOLUM_TURU":"İDARİ",
    "KAT_ID":"EGTFC2",
    "DERSLIK":null,
    "LABORATUVAR":null,
    "BOLUM_BASKANI":"Prof.Dr. Güven ÖZDEM",
    "SEMİNER_SALONU":null,
    "BULUNDUĞU_KAT":2,
    "FAKÜLTE_ADI":"EĞİTİM FAKÜLTESİ C BLOK",
    "AMFİ":null
  },
  {
    "OBJECTID":58,
    "BOLUM_ID":"FİZB01",
    "FAKULTE_ID":"FMÜHF01",
    "BOLUM_ADI":"FİZİK BÖLÜMÜ",
    "BOLUM_TURU":"AKADEMİK",
    "KAT_ID":"FMÜHF1",
    "DERSLIK":4.0,
    "LABORATUVAR":9.0,
    "BOLUM_BASKANI":"Prof. Dr. Birol ERTUĞRAL",
    "SEMİNER_SALONU":null,
    "BULUNDUĞU_KAT":2,
    "FAKÜLTE_ADI":"FEN VE MÜHENDİSLİK FAKÜLTESİ",
    "AMFİ":null
  },
  {
    "OBJECTID":59,
    "BOLUM_ID":"KİMB01",
    "FAKULTE_ID":"FMÜHF01",
    "BOLUM_ADI":"KİMYA BÖLÜMÜ",
    "BOLUM_TURU":"AKADEMİK",
    "KAT_ID":"FMÜHF1",
    "DERSLIK":4.0,
    "LABORATUVAR":9.0,
    "BOLUM_BASKANI":"Prof. Dr. Temel ÖZTÜRK",
    "SEMİNER_SALONU":null,
    "BULUNDUĞU_KAT":2,
    "FAKÜLTE_ADI":"FEN VE MÜHENDİSLİK FAKÜLTESİ",
    "AMFİ":null
  },
  {
    "OBJECTID":60,
    "BOLUM_ID":"BİYOB01",
    "FAKULTE_ID":"FMÜHF01",
    "BOLUM_ADI":"BİYOLOJİ BÖLÜMÜ",
    "BOLUM_TURU":"AKADEMİK",
    "KAT_ID":"FMÜHF2",
    "DERSLIK":4.0,
    "LABORATUVAR":4.0,
    "BOLUM_BASKANI":"Prof. Dr. Emine YALÇIN",
    "SEMİNER_SALONU":1.0,
    "BULUNDUĞU_KAT":2,
    "FAKÜLTE_ADI":"FEN VE MÜHENDİSLİK FAKÜLTESİ",
    "AMFİ":null
  },
  {
    "OBJECTID":61,
    "BOLUM_ID":"TBB01",
    "FAKULTE_ID":"FMÜHF01",
    "BOLUM_ADI":"TEMEL BİLİMLER BÖLÜMÜ",
    "BOLUM_TURU":"AKADEMİK",
    "KAT_ID":"FMÜHF3",
    "DERSLIK":0.0,
    "LABORATUVAR":0.0,
    "BOLUM_BASKANI":"Doç.Dr. Emine Gülçeri GÜLEÇ PEKER",
    "SEMİNER_SALONU":0.0,
    "BULUNDUĞU_KAT":3,
    "FAKÜLTE_ADI":"FEN VE MÜHENDİSLİK FAKÜLTESİ",
    "AMFİ":null
  },
  {
    "OBJECTID":62,
    "BOLUM_ID":"GIDAMÜH01",
    "FAKULTE_ID":"FMÜHF01",
    "BOLUM_ADI":"GIDA MÜHENDİSLİĞİ",
    "BOLUM_TURU":"AKADEMİK",
    "KAT_ID":"FMÜHF3",
    "DERSLIK":4.0,
    "LABORATUVAR":1.0,
    "BOLUM_BASKANI":"Doç. Dr. Selin KALKAN",
    "SEMİNER_SALONU":null,
    "BULUNDUĞU_KAT":3,
    "FAKÜLTE_ADI":"FEN VE MÜHENDİSLİK FAKÜLTESİ",
    "AMFİ":null
  },
  {
    "OBJECTID":63,
    "BOLUM_ID":"GIDAMÜH01",
    "FAKULTE_ID":"FMÜHF01",
    "BOLUM_ADI":"GIDA MÜHENDİSLİĞİ",
    "BOLUM_TURU":"AKADEMİK",
    "KAT_ID":"FMÜHF4",
    "DERSLIK":4.0,
    "LABORATUVAR":null,
    "BOLUM_BASKANI":"Doç. Dr. Selin KALKAN",
    "SEMİNER_SALONU":null,
    "BULUNDUĞU_KAT":4,
    "FAKÜLTE_ADI":"FEN VE MÜHENDİSLİK FAKÜLTESİ",
    "AMFİ":null
  },
  {
    "OBJECTID":89,
    "BOLUM_ID":"GRÜGS01",
    "FAKULTE_ID":"REK1",
    "BOLUM_ADI":"GİRESUN ÜNİVERSİTESİ GENEL SEKRETERLİK",
    "BOLUM_TURU":"İDARİ",
    "KAT_ID":"REK01",
    "DERSLIK":null,
    "LABORATUVAR":null,
    "BOLUM_BASKANI":null,
    "SEMİNER_SALONU":null,
    "BULUNDUĞU_KAT":1,
    "FAKÜLTE_ADI":null,
    "AMFİ":null
  },
  {
    "OBJECTID":90,
    "BOLUM_ID":"GRÜHM01",
    "FAKULTE_ID":"REK1",
    "BOLUM_ADI":"GİRESUN ÜNİVERSİTESİ HUKUK MÜŞAVİRLİĞİ",
    "BOLUM_TURU":"İDARİ",
    "KAT_ID":"REK01",
    "DERSLIK":null,
    "LABORATUVAR":null,
    "BOLUM_BASKANI":null,
    "SEMİNER_SALONU":null,
    "BULUNDUĞU_KAT":2,
    "FAKÜLTE_ADI":null,
    "AMFİ":null
  },
  {
    "OBJECTID":79,
    "BOLUM_ID":"OPT01",
    "FAKULTE_ID":"SHMYO01",
    "BOLUM_ADI":"OPTİSYENLİK PROGRAMI",
    "BOLUM_TURU":"AKADEMİK",
    "KAT_ID":"SHMYO1",
    "DERSLIK":4.0,
    "LABORATUVAR":null,
    "BOLUM_BASKANI":null,
    "SEMİNER_SALONU":null,
    "BULUNDUĞU_KAT":1,
    "FAKÜLTE_ADI":"SAĞLIK HİZMETLERİ MYO",
    "AMFİ":null
  },
  {
    "OBJECTID":80,
    "BOLUM_ID":"ACL01",
    "FAKULTE_ID":"SHMYO01",
    "BOLUM_ADI":"İLK VE ACİL YARDIM PROGRAMI",
    "BOLUM_TURU":"AKADEMİK",
    "KAT_ID":"SHMYO1",
    "DERSLIK":4.0,
    "LABORATUVAR":null,
    "BOLUM_BASKANI":null,
    "SEMİNER_SALONU":null,
    "BULUNDUĞU_KAT":1,
    "FAKÜLTE_ADI":"SAĞLIK HİZMETLERİ MYO",
    "AMFİ":null
  },
  {
    "OBJECTID":81,
    "BOLUM_ID":"ANS01",
    "FAKULTE_ID":"SHMYO01",
    "BOLUM_ADI":"ANESTEZİ PROGRAMI",
    "BOLUM_TURU":"AKADEMİK",
    "KAT_ID":"SHMYO1",
    "DERSLIK":4.0,
    "LABORATUVAR":null,
    "BOLUM_BASKANI":null,
    "SEMİNER_SALONU":null,
    "BULUNDUĞU_KAT":1,
    "FAKÜLTE_ADI":"SAĞLIK HİZMETLERİ MYO",
    "AMFİ":null
  },
  {
    "OBJECTID":82,
    "BOLUM_ID":"TLTP01",
    "FAKULTE_ID":"SHMYO01",
    "BOLUM_ADI":"TIBBİ LABORATUVAR TEKNİKLERİ PROGRAMI",
    "BOLUM_TURU":"AKADEMİK",
    "KAT_ID":"SHMYO1",
    "DERSLIK":4.0,
    "LABORATUVAR":null,
    "BOLUM_BASKANI":null,
    "SEMİNER_SALONU":null,
    "BULUNDUĞU_KAT":1,
    "FAKÜLTE_ADI":"SAĞLIK HİZMETLERİ MYO",
    "AMFİ":null
  },
  {
    "OBJECTID":83,
    "BOLUM_ID":"DYLZ01",
    "FAKULTE_ID":"SHMYO01",
    "BOLUM_ADI":"DİYALİZ PROGRAMI",
    "BOLUM_TURU":"AKADEMİK",
    "KAT_ID":"SHMYO1",
    "DERSLIK":4.0,
    "LABORATUVAR":null,
    "BOLUM_BASKANI":null,
    "SEMİNER_SALONU":null,
    "BULUNDUĞU_KAT":1,
    "FAKÜLTE_ADI":"SAĞLIK HİZMETLERİ MYO",
    "AMFİ":null
  },
  {
    "OBJECTID":84,
    "BOLUM_ID":"TBDS01",
    "FAKULTE_ID":"SHMYO01",
    "BOLUM_ADI":"TIBBİ DOKÜMANTASYON VE SEKRETERLİK PROGRAMI",
    "BOLUM_TURU":"AKADEMİK",
    "KAT_ID":"SHMYO2",
    "DERSLIK":4.0,
    "LABORATUVAR":null,
    "BOLUM_BASKANI":null,
    "SEMİNER_SALONU":null,
    "BULUNDUĞU_KAT":2,
    "FAKÜLTE_ADI":"SAĞLIK HİZMETLERİ MYO",
    "AMFİ":null
  },
  {
    "OBJECTID":85,
    "BOLUM_ID":"YBP01",
    "FAKULTE_ID":"SHMYO01",
    "BOLUM_ADI":"YAŞLI BAKIMI PROGRAMI",
    "BOLUM_TURU":"AKADEMİK",
    "KAT_ID":"SHMYO2",
    "DERSLIK":4.0,
    "LABORATUVAR":null,
    "BOLUM_BASKANI":"Doç. Dr. Sevim ÇİFTÇİ YEGİN",
    "SEMİNER_SALONU":null,
    "BULUNDUĞU_KAT":2,
    "FAKÜLTE_ADI":"SAĞLIK HİZMETLERİ MYO",
    "AMFİ":null
  },
  {
    "OBJECTID":86,
    "BOLUM_ID":"ÇGP01",
    "FAKULTE_ID":"SHMYO01",
    "BOLUM_ADI":"ÇOCUK BAKIMI VE GENÇLİK HİZMETLERİ",
    "BOLUM_TURU":"AKADEMİK",
    "KAT_ID":"SHMYO2",
    "DERSLIK":4.0,
    "LABORATUVAR":null,
    "BOLUM_BASKANI":"Prof. Dr. Gülüzar EYMUR",
    "SEMİNER_SALONU":null,
    "BULUNDUĞU_KAT":2,
    "FAKÜLTE_ADI":"SAĞLIK HİZMETLERİ MYO",
    "AMFİ":null
  },
  {
    "OBJECTID":87,
    "BOLUM_ID":"FİZYO01",
    "FAKULTE_ID":"SHMYO01",
    "BOLUM_ADI":"TERAPİ VE REHABİLİTASYON BÖLÜMÜ",
    "BOLUM_TURU":"AKADEMİK",
    "KAT_ID":"SHMYO2",
    "DERSLIK":4.0,
    "LABORATUVAR":null,
    "BOLUM_BASKANI":"Dr. Öğr. Üyesi Ülkü Kezban ŞAHİN",
    "SEMİNER_SALONU":null,
    "BULUNDUĞU_KAT":2,
    "FAKÜLTE_ADI":"SAĞLIK HİZMETLERİ MYO",
    "AMFİ":null
  },
  {
    "OBJECTID":88,
    "BOLUM_ID":"SHMYOMUD01",
    "FAKULTE_ID":"SHMYO01",
    "BOLUM_ADI":"SAĞLIK HİZMETLERİ MYO MÜDÜRLÜĞÜ",
    "BOLUM_TURU":"İDARİ",
    "KAT_ID":"SHMYO1",
    "DERSLIK":null,
    "LABORATUVAR":null,
    "BOLUM_BASKANI":"Prof. Dr. Aytaç GÜDER",
    "SEMİNER_SALONU":null,
    "BULUNDUĞU_KAT":1,
    "FAKÜLTE_ADI":"SAĞLIK HİZMETLERİ MYO",
    "AMFİ":null
  }
]