{"type":"FeatureCollection","features":[{"type":"Feature","id":1,"geometry":{"type":"Point","coordinates":[38.322040250000043,40.915328126000077]},"properties":{"OBJECTID":1,"KAPI_ID":null,"FAKULTE_ID":"FEF01","KAPI_ADI":"DEKANLIK"}},{"type":"Feature","id":2,"geometry":{"type":"Point","coordinates":[38.321880170000043,40.915279743000042]},"properties":{"OBJECTID":2,"KAPI_ID":null,"FAKULTE_ID":"FEF01","KAPI_ADI":"ÖĞRENCİ GİRİŞİ"}},{"type":"Feature","id":3,"geometry":{"type":"Point","coordinates":[38.321466027000042,40.915167396000072]},"properties":{"OBJECTID":3,"KAPI_ID":null,"FAKULTE_ID":null,"KAPI_ADI":"ÖĞRENCİ GİRİŞİ"}},{"type":"Feature","id":4,"geometry":{"type":"Point","coordinates":[38.321641912000075,40.914968652000027]},"properties":{"OBJECTID":4,"KAPI_ID":null,"FAKULTE_ID":null,"KAPI_ADI":"DEKANLIK"}},{"type":"Feature","id":5,"geometry":{"type":"Point","coordinates":[38.321936297000036,40.914338101000055]},"properties":{"OBJECTID":5,"KAPI_ID":null,"FAKULTE_ID":null,"KAPI_ADI":null}},{"type":"Feature","id":6,"geometry":{"type":"Point","coordinates":[38.322186424000051,40.914161413000045]},"properties":{"OBJECTID":6,"KAPI_ID":null,"FAKULTE_ID":null,"KAPI_ADI":null}},{"type":"Feature","id":7,"geometry":{"type":"Point","coordinates":[38.322383438000031,40.913963710000075]},"properties":{"OBJECTID":7,"KAPI_ID":null,"FAKULTE_ID":null,"KAPI_ADI":null}},{"type":"Feature","id":8,"geometry":{"type":"Point","coordinates":[38.321324675000028,40.913803442000074]},"properties":{"OBJECTID":8,"KAPI_ID":null,"FAKULTE_ID":"CAMI01","KAPI_ADI":"GİRİS"}},{"type":"Feature","id":9,"geometry":{"type":"Point","coordinates":[38.321845464000035,40.913820423000061]},"properties":{"OBJECTID":9,"KAPI_ID":null,"FAKULTE_ID":"CAMI01","KAPI_ADI":null}},{"type":"Feature","id":10,"geometry":{"type":"Point","coordinates":[38.321019179000075,40.913989862000051]},"properties":{"OBJECTID":10,"KAPI_ID":null,"FAKULTE_ID":null,"KAPI_ADI":null}},{"type":"Feature","id":11,"geometry":{"type":"Point","coordinates":[38.322193905000063,40.915754063000065]},"properties":{"OBJECTID":11,"KAPI_ID":null,"FAKULTE_ID":"FEF01","KAPI_ADI":"YEMEKHANE GİRİŞ"}},{"type":"Feature","id":12,"geometry":{"type":"Point","coordinates":[38.32105735600004,40.914825283000027]},"properties":{"OBJECTID":12,"KAPI_ID":null,"FAKULTE_ID":null,"KAPI_ADI":null}},{"type":"Feature","id":13,"geometry":{"type":"Point","coordinates":[38.322238200000072,40.914703411000062]},"properties":{"OBJECTID":13,"KAPI_ID":null,"FAKULTE_ID":null,"KAPI_ADI":null}},{"type":"Feature","id":14,"geometry":{"type":"Point","coordinates":[38.323008149000032,40.914725775000079]},"properties":{"OBJECTID":14,"KAPI_ID":null,"FAKULTE_ID":null,"KAPI_ADI":null}},{"type":"Feature","id":15,"geometry":{"type":"Point","coordinates":[38.322987946000069,40.914554320000036]},"properties":{"OBJECTID":15,"KAPI_ID":null,"FAKULTE_ID":null,"KAPI_ADI":null}},{"type":"Feature","id":16,"geometry":{"type":"Point","coordinates":[38.323723485000073,40.915096022000057]},"properties":{"OBJECTID":16,"KAPI_ID":null,"FAKULTE_ID":null,"KAPI_ADI":"GİRİŞ"}},{"type":"Feature","id":17,"geometry":{"type":"Point","coordinates":[38.323023676000048,40.915257900000029]},"properties":{"OBJECTID":17,"KAPI_ID":null,"FAKULTE_ID":null,"KAPI_ADI":"KANTİN"}},{"type":"Feature","id":18,"geometry":{"type":"Point","coordinates":[38.323081050000042,40.915397068000061]},"properties":{"OBJECTID":18,"KAPI_ID":null,"FAKULTE_ID":null,"KAPI_ADI":"KÜTÜPHANE"}},{"type":"Feature","id":19,"geometry":{"type":"Point","coordinates":[38.323204848000046,40.915137539000057]},"properties":{"OBJECTID":19,"KAPI_ID":null,"FAKULTE_ID":null,"KAPI_ADI":"DİĞER"}},{"type":"Feature","id":20,"geometry":{"type":"Point","coordinates":[38.32246082100005,40.916291757000067]},"properties":{"OBJECTID":20,"KAPI_ID":null,"FAKULTE_ID":null,"KAPI_ADI":"REKTÖRLÜK GİRİŞ"}},{"type":"Feature","id":21,"geometry":{"type":"Point","coordinates":[38.32206698300007,40.916354135000063]},"properties":{"OBJECTID":21,"KAPI_ID":null,"FAKULTE_ID":null,"KAPI_ADI":"SALON GİRİŞ"}},{"type":"Feature","id":22,"geometry":{"type":"Point","coordinates":[38.32403669100006,40.914052790000028]},"properties":{"OBJECTID":22,"KAPI_ID":null,"FAKULTE_ID":null,"KAPI_ADI":"ÖĞRENCİ GİRİŞİ"}},{"type":"Feature","id":23,"geometry":{"type":"Point","coordinates":[38.324277244000029,40.914131965000081]},"properties":{"OBJECTID":23,"KAPI_ID":null,"FAKULTE_ID":null,"KAPI_ADI":"DEKANLIK"}},{"type":"Feature","id":24,"geometry":{"type":"Point","coordinates":[38.326818202000027,40.914050503000055]},"properties":{"OBJECTID":24,"KAPI_ID":null,"FAKULTE_ID":null,"KAPI_ADI":"GİRİŞ"}},{"type":"Feature","id":25,"geometry":{"type":"Point","coordinates":[38.327254785000036,40.914121064000028]},"properties":{"OBJECTID":25,"KAPI_ID":null,"FAKULTE_ID":null,"KAPI_ADI":"GİRİŞ"}},{"type":"Feature","id":26,"geometry":{"type":"Point","coordinates":[38.327242486000046,40.914362566000079]},"properties":{"OBJECTID":26,"KAPI_ID":null,"FAKULTE_ID":null,"KAPI_ADI":"GİRİŞ"}},{"type":"Feature","id":27,"geometry":{"type":"Point","coordinates":[38.326859528000057,40.914433194000026]},"properties":{"OBJECTID":27,"KAPI_ID":null,"FAKULTE_ID":null,"KAPI_ADI":"GİRİŞ"}},{"type":"Feature","id":28,"geometry":{"type":"Point","coordinates":[38.326488897000047,40.91452989000004]},"properties":{"OBJECTID":28,"KAPI_ID":null,"FAKULTE_ID":null,"KAPI_ADI":"GİRİŞ"}},{"type":"Feature","id":29,"geometry":{"type":"Point","coordinates":[38.32612320000004,40.914644582000051]},"properties":{"OBJECTID":29,"KAPI_ID":null,"FAKULTE_ID":null,"KAPI_ADI":"GİRİŞ"}},{"type":"Feature","id":30,"geometry":{"type":"Point","coordinates":[38.32062015300005,40.916468652000049]},"properties":{"OBJECTID":30,"KAPI_ID":null,"FAKULTE_ID":null,"KAPI_ADI":"GİRİŞ"}},{"type":"Feature","id":31,"geometry":{"type":"Point","coordinates":[38.320843229000047,40.91658562300006]},"properties":{"OBJECTID":31,"KAPI_ID":null,"FAKULTE_ID":null,"KAPI_ADI":"KANTİN"}},{"type":"Feature","id":32,"geometry":{"type":"Point","coordinates":[38.320753979000074,40.916336686000079]},"properties":{"OBJECTID":32,"KAPI_ID":null,"FAKULTE_ID":null,"KAPI_ADI":"ACİL ÇIKIŞ"}},{"type":"Feature","id":33,"geometry":{"type":"Point","coordinates":[38.321043035000059,40.916770120000081]},"properties":{"OBJECTID":33,"KAPI_ID":null,"FAKULTE_ID":null,"KAPI_ADI":null}},{"type":"Feature","id":34,"geometry":{"type":"Point","coordinates":[38.324709487000064,40.913637771000026]},"properties":{"OBJECTID":34,"KAPI_ID":null,"FAKULTE_ID":null,"KAPI_ADI":null}},{"type":"Feature","id":35,"geometry":{"type":"Point","coordinates":[38.32499625500003,40.913586913000074]},"properties":{"OBJECTID":35,"KAPI_ID":null,"FAKULTE_ID":null,"KAPI_ADI":null}},{"type":"Feature","id":36,"geometry":{"type":"Point","coordinates":[38.327636091000045,40.914221430000055]},"properties":{"OBJECTID":36,"KAPI_ID":null,"FAKULTE_ID":null,"KAPI_ADI":"GİRİŞ"}},{"type":"Feature","id":37,"geometry":{"type":"Point","coordinates":[38.327387027000043,40.913510864000045]},"properties":{"OBJECTID":37,"KAPI_ID":null,"FAKULTE_ID":"BİDB01","KAPI_ADI":"GİRİŞ"}},{"type":"Feature","id":38,"geometry":{"type":"Point","coordinates":[38.323489325000025,40.914591380000047]},"properties":{"OBJECTID":38,"KAPI_ID":null,"FAKULTE_ID":null,"KAPI_ADI":null}},{"type":"Feature","id":39,"geometry":{"type":"Point","coordinates":[38.323882848000039,40.914409429000045]},"properties":{"OBJECTID":39,"KAPI_ID":null,"FAKULTE_ID":null,"KAPI_ADI":null}},{"type":"Feature","id":40,"geometry":{"type":"Point","coordinates":[38.32369839100005,40.915180647000057]},"properties":{"OBJECTID":40,"KAPI_ID":null,"FAKULTE_ID":null,"KAPI_ADI":"GİRİŞ"}},{"type":"Feature","id":41,"geometry":{"type":"Point","coordinates":[38.327905031000057,40.914478195000072]},"properties":{"OBJECTID":41,"KAPI_ID":null,"FAKULTE_ID":null,"KAPI_ADI":"GİRİŞ"}}]}